{"BsmPrint": {"Metadata": {"receiverId": 147969, "receiverPseudo": 101479698, "generationTime": 86399.924331, "mbType": "LocalAttacker", "attackType": "EventualStop"}, "BsmCheck": {"rpP": 1.0, "rP": 1.0, "pP": 0.785714, "sP": 1.0, "pC": 1.0, "sC": 1.0, "psC": 0.692629, "psmC": 0.902578, "phC": 1.0, "sA": 1.0, "bF": 1.0, "kPACS": 1.0, "kPCS": 1.0, "kPSCP": 1.0, "kPSCS": 1.0, "kPSCSP": 1.0, "kPSCSS": 1.0, "kSCC": 1.0, "inT": []}, "BSMs": [{"Pseudonym": 101479518, "RealId": 147951, "CreationTime": 86399.92421444692, "ArrivalTime": 86399.92433092314, "MbType": "LocalAttacker", "AttackType": "EventualStop", "GpsCoord": [6.126826, 49.592586, 0.0], "Pos": [908.167718, 603.411529, 0.0], "PosConfidence": [4.760879, 4.817784, 0.0], "Speed": [0.0, 0.0, 0.0], "SpeedConfidence": [-0.005833, -0.008975, 0.0], "Accel": [0.0, 0.0, 0.0], "AccelConfidence": [0.000661, 0.00083, 0.0], "Heading": [0.640449, 0.768001, 0.0], "HeadingConfidence": [8.363909, 5.544614, 0.0], "Width": 1.8, "Length": 5.0}]}}